ID-ETUDIANT,NOM,PRENOM,EMAIL,MDP,date_inscription
1,COSTE,Lucy,lucy.coste@student.hestim.ma,student123,2025-06-26 14:26:33
2,NAVARRO,Josette,josette.navarro@student.hestim.ma,student123,2025-09-08 06:40:54
3,PARENT,René,rené.parent@student.hestim.ma,student123,2026-01-12 20:48:30
4,BERTHELOT,Adèle,adèle.berthelot@student.hestim.ma,student123,2025-05-20 02:45:04
5,GAY,Noël,noël.gay@student.hestim.ma,student123,2025-03-19 20:48:59
6,LETELLIER,Océane,océane.letellier@student.hestim.ma,student123,2026-02-15 05:27:06
7,BOUTIN,Josette,josette.boutin@student.hestim.ma,student123,2025-03-19 17:45:28
8,TORRES,Laurence,laurence.torres@student.hestim.ma,student123,2025-12-03 05:32:59
9,FABRE,Benoît,benoît.fabre@student.hestim.ma,student123,2026-01-29 14:02:40
10,LANGLOIS,Rémy,rémy.langlois@student.hestim.ma,student123,2025-10-31 21:24:33
11,NAVARRO,Jacques,jacques.navarro@student.hestim.ma,student123,2025-05-25 15:33:48
12,CHRÉTIEN,Margot,margot.chrétien@student.hestim.ma,student123,2025-06-21 02:37:18
13,VIDAL,Thérèse,thérèse.vidal@student.hestim.ma,student123,2026-01-24 21:21:39
14,DUPRÉ,Emmanuelle,emmanuelle.dupré@student.hestim.ma,student123,2026-02-14 05:07:31
15,LELIÈVRE,Marguerite,marguerite.lelièvre@student.hestim.ma,student123,2025-04-23 04:40:04
16,JACQUET,Renée,renée.jacquet@student.hestim.ma,student123,2025-09-30 05:21:05
17,GÉRARD,Michèle,michèle.gérard@student.hestim.ma,student123,2025-05-08 02:44:53
18,CHEVALLIER,Frédéric,frédéric.chevallier@student.hestim.ma,student123,2026-01-19 11:28:45
19,CHAUVET,Suzanne,suzanne.chauvet@student.hestim.ma,student123,2025-08-10 09:30:31
20,DELORME,Vincent,vincent.delorme@student.hestim.ma,student123,2025-11-21 08:27:03
21,BERNARD,Robert,robert.bernard@student.hestim.ma,student123,2025-03-13 20:10:59
22,TECHER,Laure,laure.techer@student.hestim.ma,student123,2025-10-12 19:27:26
23,FONTAINE,Astrid,astrid.fontaine@student.hestim.ma,student123,2025-05-17 20:29:14
24,GODARD,Laurent,laurent.godard@student.hestim.ma,student123,2025-04-19 23:08:05
25,POTTIER,Jérôme,jérôme.pottier@student.hestim.ma,student123,2025-10-24 20:20:33
26,BAUDRY,Christelle,christelle.baudry@student.hestim.ma,student123,2026-02-12 20:36:59
27,MARCHAL,Michel,michel.marchal@student.hestim.ma,student123,2025-11-05 14:45:10
28,FERREIRA,Bernadette,bernadette.ferreira@student.hestim.ma,student123,2025-07-13 18:33:03
29,FERRAND,Pierre,pierre.ferrand@student.hestim.ma,student123,2026-01-08 23:24:05
30,FERNANDEZ,Océane,océane.fernandez@student.hestim.ma,student123,2025-07-13 00:20:30
31,GONCALVES,Christiane,christiane.goncalves@student.hestim.ma,student123,2025-12-15 21:04:35
32,CLERC,Jacqueline,jacqueline.clerc@student.hestim.ma,student123,2025-07-04 05:48:27
33,TECHER,Anne,anne.techer@student.hestim.ma,student123,2025-07-13 15:01:29
34,PICHON,Éric,éric.pichon@student.hestim.ma,student123,2025-08-23 11:55:33
35,MORENO,Paul,paul.moreno@student.hestim.ma,student123,2025-11-13 19:31:45
36,POIRIER,Suzanne,suzanne.poirier@student.hestim.ma,student123,2025-04-27 10:18:35
37,LOPES,Lucy,lucy.lopes@student.hestim.ma,student123,2026-02-26 12:07:13
38,BENOIT,Océane,océane.benoit@student.hestim.ma,student123,2025-05-28 08:51:03
39,LEBLANC,Anastasie,anastasie.leblanc@student.hestim.ma,student123,2025-03-09 19:39:28
40,LEMAIRE,Georges,georges.lemaire@student.hestim.ma,student123,2025-12-24 04:42:53
41,DANIEL,Camille,camille.daniel@student.hestim.ma,student123,2025-03-29 19:29:17
42,DUPONT,Madeleine,madeleine.dupont@student.hestim.ma,student123,2026-01-15 21:08:57
43,LOPEZ,Frédéric,frédéric.lopez@student.hestim.ma,student123,2025-12-07 16:49:40
44,CHARTIER,Susan,susan.chartier@student.hestim.ma,student123,2025-07-18 21:34:39
45,MARTINS,Tristan,tristan.martins@student.hestim.ma,student123,2025-12-18 04:56:29
46,MILLET,Guy,guy.millet@student.hestim.ma,student123,2026-01-02 23:27:05
47,GÉRARD,Astrid,astrid.gérard@student.hestim.ma,student123,2025-11-07 15:59:35
48,BLANCHET,Sophie,sophie.blanchet@student.hestim.ma,student123,2025-06-06 10:20:41
49,ROY,Pauline,pauline.roy@student.hestim.ma,student123,2025-12-03 14:04:54
50,JACOB,Agathe,agathe.jacob@student.hestim.ma,student123,2025-03-22 22:11:23
51,BLOT,Élodie,élodie.blot@student.hestim.ma,student123,2025-12-30 19:08:43
52,GARNIER,Simone,simone.garnier@student.hestim.ma,student123,2025-05-15 10:47:05
53,DUVAL,Grégoire,grégoire.duval@student.hestim.ma,student123,2025-09-13 01:14:10
54,BOUVET,Michelle,michelle.bouvet@student.hestim.ma,student123,2025-10-05 11:36:32
55,PERRIN,Vincent,vincent.perrin@student.hestim.ma,student123,2025-07-17 20:33:44
56,MORVAN,Arnaude,arnaude.morvan@student.hestim.ma,student123,2025-06-20 00:27:08
57,PERON,Thérèse,thérèse.peron@student.hestim.ma,student123,2026-02-25 18:25:26
58,TANGUY,Alphonse,alphonse.tanguy@student.hestim.ma,student123,2025-04-14 11:05:01
59,DELANNOY,Franck,franck.delannoy@student.hestim.ma,student123,2025-04-18 09:46:03
60,GARCIA,Marie,marie.garcia@student.hestim.ma,student123,2026-01-21 21:25:07
61,GALLET,Olivie,olivie.gallet@student.hestim.ma,student123,2025-09-02 00:22:27
62,BRUN,Paulette,paulette.brun@student.hestim.ma,student123,2025-10-13 19:38:14
63,THIERRY,Gilbert,gilbert.thierry@student.hestim.ma,student123,2025-06-22 11:39:23
64,JACQUOT,Rémy,rémy.jacquot@student.hestim.ma,student123,2025-04-30 10:35:40
65,LOMBARD,Margot,margot.lombard@student.hestim.ma,student123,2025-11-19 18:54:18
66,TOUSSAINT,Louis,louis.toussaint@student.hestim.ma,student123,2025-11-20 22:15:18
67,LEGRAND,Hélène,hélène.legrand@student.hestim.ma,student123,2026-02-17 07:59:48
68,BONNEAU,Stéphanie,stéphanie.bonneau@student.hestim.ma,student123,2025-08-27 00:51:18
69,BOURGEOIS,Margot,margot.bourgeois@student.hestim.ma,student123,2025-10-31 20:18:34
70,CHAUVIN,Marguerite,marguerite.chauvin@student.hestim.ma,student123,2025-08-14 09:38:11
71,BERNARD,Capucine,capucine.bernard@student.hestim.ma,student123,2025-09-25 14:01:02
72,MAILLET,Monique,monique.maillet@student.hestim.ma,student123,2025-10-23 20:19:16
73,FISCHER,Raymond,raymond.fischer@student.hestim.ma,student123,2025-09-01 19:05:40
74,CLÉMENT,Tristan,tristan.clément@student.hestim.ma,student123,2025-07-13 07:41:57
75,FAIVRE,Alexandre,alexandre.faivre@student.hestim.ma,student123,2026-02-19 22:27:56
76,LAMY,Gilles,gilles.lamy@student.hestim.ma,student123,2026-02-25 00:57:42
77,DIALLO,Arthur,arthur.diallo@student.hestim.ma,student123,2025-10-22 04:05:47
78,FERREIRA,Alice,alice.ferreira@student.hestim.ma,student123,2025-04-09 19:51:09
79,ALEXANDRE,Tristan,tristan.alexandre@student.hestim.ma,student123,2026-01-21 00:46:25
80,NORMAND,Valentine,valentine.normand@student.hestim.ma,student123,2026-01-07 08:58:14
81,HUET,Raymond,raymond.huet@student.hestim.ma,student123,2025-12-02 07:56:18
82,RIVIÈRE,Brigitte,brigitte.rivière@student.hestim.ma,student123,2025-12-09 17:34:15
83,GUILLOU,Christophe,christophe.guillou@student.hestim.ma,student123,2025-06-25 19:54:54
84,BONNIN,Jules,jules.bonnin@student.hestim.ma,student123,2025-11-23 07:37:09
85,WEBER,Manon,manon.weber@student.hestim.ma,student123,2025-05-04 16:40:25
86,POTIER,Adèle,adèle.potier@student.hestim.ma,student123,2025-03-16 04:57:54
87,GRÉGOIRE,Agathe,agathe.grégoire@student.hestim.ma,student123,2025-05-01 06:34:29
88,GUILLET,Sylvie,sylvie.guillet@student.hestim.ma,student123,2025-05-16 07:44:01
89,DANIEL,Adrien,adrien.daniel@student.hestim.ma,student123,2025-11-30 06:39:43
90,HEBERT,Joséphine,joséphine.hebert@student.hestim.ma,student123,2025-11-01 15:59:10
91,CAMUS,Amélie,amélie.camus@student.hestim.ma,student123,2025-12-26 13:23:30
92,DUPONT,Gérard,gérard.dupont@student.hestim.ma,student123,2026-01-30 16:32:30
93,PIRES,Valérie,valérie.pires@student.hestim.ma,student123,2025-12-27 07:56:48
94,MAILLOT,Lucie,lucie.maillot@student.hestim.ma,student123,2025-06-17 19:01:51
95,MICHAUD,Laetitia,laetitia.michaud@student.hestim.ma,student123,2025-07-05 19:27:29
96,LACOMBE,Suzanne,suzanne.lacombe@student.hestim.ma,student123,2025-11-03 00:53:59
97,DUMONT,Alix,alix.dumont@student.hestim.ma,student123,2025-11-29 04:20:57
98,ROY,Antoinette,antoinette.roy@student.hestim.ma,student123,2025-10-14 19:17:08
99,COUTURIER,Victoire,victoire.couturier@student.hestim.ma,student123,2025-12-07 00:30:58
100,LEGROS,Anne,anne.legros@student.hestim.ma,student123,2025-11-25 06:46:56
101,CARLIER,Agnès,agnès.carlier@student.hestim.ma,student123,2025-03-17 22:43:59
102,TRAORE,Clémence,clémence.traore@student.hestim.ma,student123,2025-08-16 02:39:01
103,MASSON,Brigitte,brigitte.masson@student.hestim.ma,student123,2025-11-06 13:47:19
104,HAMON,Bernard,bernard.hamon@student.hestim.ma,student123,2025-05-30 20:40:34
105,FAURE,Inès,inès.faure@student.hestim.ma,student123,2025-06-01 01:29:25
106,DUMONT,Émile,émile.dumont@student.hestim.ma,student123,2025-10-27 16:53:01
107,GOSSELIN,Camille,camille.gosselin@student.hestim.ma,student123,2025-09-26 16:17:07
108,PERRIN,Bernard,bernard.perrin@student.hestim.ma,student123,2026-01-11 11:54:48
109,PIERRE,Richard,richard.pierre@student.hestim.ma,student123,2025-08-08 09:36:02
110,DIALLO,Patrick,patrick.diallo@student.hestim.ma,student123,2025-04-01 12:16:32
111,GRÉGOIRE,Bertrand,bertrand.grégoire@student.hestim.ma,student123,2025-04-28 12:32:24
112,GUÉRIN,Michelle,michelle.guérin@student.hestim.ma,student123,2025-10-25 22:38:39
113,HOARAU,Bernard,bernard.hoarau@student.hestim.ma,student123,2025-04-29 03:12:00
114,RENAULT,Grégoire,grégoire.renault@student.hestim.ma,student123,2025-07-09 22:55:24
115,THIERRY,Marc,marc.thierry@student.hestim.ma,student123,2026-01-17 18:10:50
116,FAURE,Dorothée,dorothée.faure@student.hestim.ma,student123,2025-06-11 09:57:02
117,GUILBERT,Éric,éric.guilbert@student.hestim.ma,student123,2025-11-10 10:30:50
118,PICARD,Léon,léon.picard@student.hestim.ma,student123,2025-11-28 23:10:32
119,GERMAIN,Josette,josette.germain@student.hestim.ma,student123,2025-11-30 10:59:34
120,BECKER,Virginie,virginie.becker@student.hestim.ma,student123,2025-11-20 15:01:34
121,DA COSTA,Julien,julien.da costa@student.hestim.ma,student123,2025-04-10 01:21:38
122,AUBRY,Lorraine,lorraine.aubry@student.hestim.ma,student123,2025-07-15 20:41:34
123,LEROY,Frédérique,frédérique.leroy@student.hestim.ma,student123,2025-10-01 20:06:35
124,GUILLOU,Paulette,paulette.guillou@student.hestim.ma,student123,2025-05-22 06:51:02
125,CHEVALIER,Timothée,timothée.chevalier@student.hestim.ma,student123,2025-09-08 21:54:57
126,ROUSSET,Yves,yves.rousset@student.hestim.ma,student123,2025-06-29 20:59:38
127,GUÉRIN,Aimé,aimé.guérin@student.hestim.ma,student123,2025-10-30 21:45:59
128,ROY,Michel,michel.roy@student.hestim.ma,student123,2026-02-21 22:52:37
129,COLLET,Yves,yves.collet@student.hestim.ma,student123,2025-03-31 21:01:21
130,BAUDRY,Bernadette,bernadette.baudry@student.hestim.ma,student123,2025-11-05 22:23:40
131,DIALLO,Gilbert,gilbert.diallo@student.hestim.ma,student123,2025-10-23 01:03:33
132,HERVÉ,Benoît,benoît.hervé@student.hestim.ma,student123,2025-10-11 05:07:45
133,PERON,Louis,louis.peron@student.hestim.ma,student123,2025-09-17 19:35:40
134,GILLES,Tristan,tristan.gilles@student.hestim.ma,student123,2025-03-29 18:20:42
135,REY,Jacques,jacques.rey@student.hestim.ma,student123,2026-02-03 23:48:10
136,NGUYEN,Olivie,olivie.nguyen@student.hestim.ma,student123,2025-10-08 09:20:08
137,ALEXANDRE,Capucine,capucine.alexandre@student.hestim.ma,student123,2025-06-21 05:07:53
138,GILLES,Thibaut,thibaut.gilles@student.hestim.ma,student123,2026-02-01 07:44:34
139,BOUSQUET,Christiane,christiane.bousquet@student.hestim.ma,student123,2025-11-19 17:55:39
140,PERON,Laurent,laurent.peron@student.hestim.ma,student123,2025-04-24 02:20:21
141,RODRIGUEZ,Auguste,auguste.rodriguez@student.hestim.ma,student123,2025-12-18 04:50:11
142,WEISS,Alain,alain.weiss@student.hestim.ma,student123,2025-04-28 15:26:47
143,AUBRY,Mathilde,mathilde.aubry@student.hestim.ma,student123,2026-01-07 23:32:46
144,DUVAL,Nath,nath.duval@student.hestim.ma,student123,2025-03-31 22:53:17
145,BRIAND,Patrick,patrick.briand@student.hestim.ma,student123,2025-06-27 10:40:43
146,POULAIN,Augustin,augustin.poulain@student.hestim.ma,student123,2025-07-18 22:44:15
147,BOUCHET,René,rené.bouchet@student.hestim.ma,student123,2025-12-18 18:19:25
148,RIBEIRO,Adrienne,adrienne.ribeiro@student.hestim.ma,student123,2025-04-10 03:26:06
149,LOPEZ,Denis,denis.lopez@student.hestim.ma,student123,2025-07-15 14:03:16
150,BOUCHET,Christiane,christiane.bouchet@student.hestim.ma,student123,2025-09-11 22:05:32
151,THIBAULT,Dominique,dominique.thibault@student.hestim.ma,student123,2026-01-28 23:43:59
152,MARTINEAU,Caroline,caroline.martineau@student.hestim.ma,student123,2025-05-03 02:13:52
153,SAUVAGE,Anaïs,anaïs.sauvage@student.hestim.ma,student123,2025-09-08 19:52:09
154,LE GOFF,Joséphine,joséphine.le goff@student.hestim.ma,student123,2025-11-05 22:24:18
155,PERRET,Renée,renée.perret@student.hestim.ma,student123,2025-06-11 14:47:01
156,VALLÉE,Michelle,michelle.vallée@student.hestim.ma,student123,2025-08-23 02:32:41
157,GOSSELIN,Alexandrie,alexandrie.gosselin@student.hestim.ma,student123,2026-01-04 23:26:26
158,ROUX,Éric,éric.roux@student.hestim.ma,student123,2026-02-14 23:10:54
159,PRUVOST,Aimé,aimé.pruvost@student.hestim.ma,student123,2025-11-29 13:00:02
160,HOAREAU,Alexandria,alexandria.hoareau@student.hestim.ma,student123,2026-01-16 09:56:17
161,RIOU,Valérie,valérie.riou@student.hestim.ma,student123,2026-01-13 11:54:21
162,GILLET,Franck,franck.gillet@student.hestim.ma,student123,2026-02-18 18:10:17
163,GAUTIER,Adrien,adrien.gautier@student.hestim.ma,student123,2025-03-25 04:44:18
164,RICHARD,Pénélope,pénélope.richard@student.hestim.ma,student123,2026-01-02 09:06:02
165,BIGOT,Josette,josette.bigot@student.hestim.ma,student123,2025-06-06 13:15:09
166,COURTOIS,Guy,guy.courtois@student.hestim.ma,student123,2025-10-25 15:40:27
167,RIBEIRO,Camille,camille.ribeiro@student.hestim.ma,student123,2025-07-22 09:18:07
168,GUILLOT,Denise,denise.guillot@student.hestim.ma,student123,2025-06-21 04:34:24
169,LECOQ,Paul,paul.lecoq@student.hestim.ma,student123,2025-08-05 06:25:44
170,LEROUX,Guillaume,guillaume.leroux@student.hestim.ma,student123,2026-01-02 15:27:18
171,DIALLO,Corinne,corinne.diallo@student.hestim.ma,student123,2025-05-31 14:31:29
172,LEBRETON,Camille,camille.lebreton@student.hestim.ma,student123,2026-03-02 01:32:47
173,TECHER,Louise,louise.techer@student.hestim.ma,student123,2025-11-16 06:02:19
174,GUILLET,Frédérique,frédérique.guillet@student.hestim.ma,student123,2025-08-22 03:24:40
175,TEXIER,Alexandre,alexandre.texier@student.hestim.ma,student123,2025-05-22 01:45:58
176,LEDOUX,Stéphanie,stéphanie.ledoux@student.hestim.ma,student123,2025-03-15 18:14:06
177,SALMON,Bernard,bernard.salmon@student.hestim.ma,student123,2025-07-25 22:05:59
178,WEBER,Zoé,zoé.weber@student.hestim.ma,student123,2025-07-01 09:06:54
179,MAILLOT,Michel,michel.maillot@student.hestim.ma,student123,2025-05-03 15:14:37
180,MARTEL,Nathalie,nathalie.martel@student.hestim.ma,student123,2025-05-14 02:53:12
181,BOULANGER,Guillaume,guillaume.boulanger@student.hestim.ma,student123,2025-05-18 16:56:32
182,CARRE,Inès,inès.carre@student.hestim.ma,student123,2025-07-08 08:04:49
183,MASSON,Pierre,pierre.masson@student.hestim.ma,student123,2026-03-04 02:59:18
184,ALVES,Valérie,valérie.alves@student.hestim.ma,student123,2025-08-09 12:08:02
185,LOUIS,Aurélie,aurélie.louis@student.hestim.ma,student123,2025-12-14 00:42:59
186,JACQUOT,Éléonore,éléonore.jacquot@student.hestim.ma,student123,2025-04-17 00:03:36
187,REYNAUD,Aimé,aimé.reynaud@student.hestim.ma,student123,2025-09-10 05:32:36
188,LESAGE,Laurent,laurent.lesage@student.hestim.ma,student123,2025-10-12 21:00:42
189,PHILIPPE,Roland,roland.philippe@student.hestim.ma,student123,2026-03-02 15:12:38
190,ROYER,Émile,émile.royer@student.hestim.ma,student123,2025-03-08 19:40:28
191,DE OLIVEIRA,Léon,léon.de oliveira@student.hestim.ma,student123,2025-10-07 01:25:03
192,DIDIER,Brigitte,brigitte.didier@student.hestim.ma,student123,2025-11-17 06:19:22
193,WEISS,Auguste,auguste.weiss@student.hestim.ma,student123,2025-06-24 16:58:22
194,JULIEN,Paul,paul.julien@student.hestim.ma,student123,2025-07-18 18:00:53
195,MULLER,Josette,josette.muller@student.hestim.ma,student123,2026-01-04 16:11:15
196,BAUDRY,Gabriel,gabriel.baudry@student.hestim.ma,student123,2025-04-10 08:28:36
197,LEBRUN,Victoire,victoire.lebrun@student.hestim.ma,student123,2025-06-22 19:41:31
198,GAUTIER,Benjamin,benjamin.gautier@student.hestim.ma,student123,2025-06-17 11:54:55
199,DUPUY,Robert,robert.dupuy@student.hestim.ma,student123,2025-12-30 20:54:06
200,BARRE,Maryse,maryse.barre@student.hestim.ma,student123,2026-02-01 19:43:36
201,DUPUIS,Véronique,véronique.dupuis@student.hestim.ma,student123,2025-04-29 02:08:20
202,MARCHAL,Olivier,olivier.marchal@student.hestim.ma,student123,2025-09-30 23:20:20
203,ANDRE,Pierre,pierre.andre@student.hestim.ma,student123,2025-05-04 02:41:28
204,MOREL,Zacharie,zacharie.morel@student.hestim.ma,student123,2026-02-02 04:18:29
205,LOPES,Suzanne,suzanne.lopes@student.hestim.ma,student123,2025-12-14 07:59:20
206,BERNARD,Henri,henri.bernard@student.hestim.ma,student123,2025-12-30 01:52:09
207,ADAM,William,william.adam@student.hestim.ma,student123,2025-05-29 06:43:36
208,HERVÉ,Nicolas,nicolas.hervé@student.hestim.ma,student123,2025-09-13 11:05:03
209,BRUNEAU,Françoise,françoise.bruneau@student.hestim.ma,student123,2025-11-18 23:45:06
210,NORMAND,Thomas,thomas.normand@student.hestim.ma,student123,2026-01-22 01:53:54
211,GERMAIN,Clémence,clémence.germain@student.hestim.ma,student123,2026-01-13 07:03:31
212,DESCAMPS,Michelle,michelle.descamps@student.hestim.ma,student123,2025-04-22 20:16:20
213,BOUVIER,Joseph,joseph.bouvier@student.hestim.ma,student123,2025-04-12 16:59:04
214,FABRE,Marcelle,marcelle.fabre@student.hestim.ma,student123,2025-08-26 03:20:45
215,MARTIN,Jeannine,jeannine.martin@student.hestim.ma,student123,2025-09-22 04:01:00
216,COULON,Adèle,adèle.coulon@student.hestim.ma,student123,2025-12-01 02:43:16
217,PIRES,Bertrand,bertrand.pires@student.hestim.ma,student123,2025-08-11 16:30:48
218,DESCAMPS,Julien,julien.descamps@student.hestim.ma,student123,2025-08-21 00:06:32
219,PRUVOST,Hugues,hugues.pruvost@student.hestim.ma,student123,2025-04-10 21:05:18
220,DA COSTA,Aimée,aimée.da costa@student.hestim.ma,student123,2025-11-17 23:47:13
221,LECLERCQ,Nicole,nicole.leclercq@student.hestim.ma,student123,2026-02-17 12:04:22
222,MERCIER,Rémy,rémy.mercier@student.hestim.ma,student123,2025-03-23 18:42:08
223,MEUNIER,Joséphine,joséphine.meunier@student.hestim.ma,student123,2026-01-16 22:26:11
224,LAINE,Alix,alix.laine@student.hestim.ma,student123,2026-03-04 13:39:49
225,COSTE,Sophie,sophie.coste@student.hestim.ma,student123,2025-04-07 23:34:35
226,MAURICE,Maryse,maryse.maurice@student.hestim.ma,student123,2025-11-07 16:27:34
227,DURAND,Olivier,olivier.durand@student.hestim.ma,student123,2025-11-25 03:01:54
228,LOUIS,Augustin,augustin.louis@student.hestim.ma,student123,2025-11-21 18:16:20
229,BOUVIER,Antoinette,antoinette.bouvier@student.hestim.ma,student123,2025-06-27 14:24:03
230,REY,Agnès,agnès.rey@student.hestim.ma,student123,2026-01-24 09:54:34
231,RIOU,Marine,marine.riou@student.hestim.ma,student123,2025-10-01 09:00:09
232,GAUTIER,Adèle,adèle.gautier@student.hestim.ma,student123,2025-10-13 11:12:56
233,FERREIRA,Madeleine,madeleine.ferreira@student.hestim.ma,student123,2026-03-07 00:03:56
234,GILBERT,Aimé,aimé.gilbert@student.hestim.ma,student123,2025-03-10 16:53:10
235,DUPUY,Mathilde,mathilde.dupuy@student.hestim.ma,student123,2025-08-26 01:14:04
236,BRUN,Alexandrie,alexandrie.brun@student.hestim.ma,student123,2025-05-21 00:21:29
237,THIERRY,Claudine,claudine.thierry@student.hestim.ma,student123,2025-11-20 07:44:42
238,ROUX,Dorothée,dorothée.roux@student.hestim.ma,student123,2025-04-18 03:19:09
239,VAILLANT,Jean,jean.vaillant@student.hestim.ma,student123,2025-08-22 23:19:07
240,HAMON,Maurice,maurice.hamon@student.hestim.ma,student123,2025-10-03 19:13:27
241,COSTA,Franck,franck.costa@student.hestim.ma,student123,2025-12-25 12:37:17
242,COLLET,Olivie,olivie.collet@student.hestim.ma,student123,2025-12-06 15:50:25
243,MORVAN,Noël,noël.morvan@student.hestim.ma,student123,2025-09-16 19:24:57
244,SALMON,Sébastien,sébastien.salmon@student.hestim.ma,student123,2025-05-15 07:33:22
245,ROYER,Caroline,caroline.royer@student.hestim.ma,student123,2025-04-24 22:46:53
246,LOPEZ,Emmanuelle,emmanuelle.lopez@student.hestim.ma,student123,2025-05-28 13:58:27
247,DUMAS,Madeleine,madeleine.dumas@student.hestim.ma,student123,2026-03-06 02:21:27
248,GAUTHIER,Frédéric,frédéric.gauthier@student.hestim.ma,student123,2025-11-03 02:46:03
249,COLLET,Margot,margot.collet@student.hestim.ma,student123,2025-10-24 20:56:47
250,HUBERT,William,william.hubert@student.hestim.ma,student123,2026-03-08 08:01:34
251,CHARTIER,Cécile,cécile.chartier@student.hestim.ma,student123,2026-01-29 10:11:00
252,GUILLAUME,Dominique,dominique.guillaume@student.hestim.ma,student123,2025-05-11 08:25:46
253,VINCENT,Françoise,françoise.vincent@student.hestim.ma,student123,2025-11-23 09:55:30
254,BOUVET,Sylvie,sylvie.bouvet@student.hestim.ma,student123,2025-08-29 03:13:44
255,JOSEPH,Laurent,laurent.joseph@student.hestim.ma,student123,2025-08-19 23:38:50
256,GEORGES,Antoine,antoine.georges@student.hestim.ma,student123,2025-08-18 15:02:29
257,VALLET,Daniel,daniel.vallet@student.hestim.ma,student123,2025-07-02 17:58:29
258,HUBERT,Valérie,valérie.hubert@student.hestim.ma,student123,2025-12-29 04:37:36
259,LELEU,Mathilde,mathilde.leleu@student.hestim.ma,student123,2025-06-20 02:57:22
260,MILLET,Alix,alix.millet@student.hestim.ma,student123,2025-04-26 00:20:16
261,RAMOS,Benjamin,benjamin.ramos@student.hestim.ma,student123,2025-12-07 01:48:18
262,MACE,Dorothée,dorothée.mace@student.hestim.ma,student123,2025-12-15 01:06:00
263,FOUCHER,Geneviève,geneviève.foucher@student.hestim.ma,student123,2025-06-22 02:50:30
264,SIMON,Charles,charles.simon@student.hestim.ma,student123,2025-05-21 06:20:50
265,MARIE,Margot,margot.marie@student.hestim.ma,student123,2025-05-01 22:22:34
266,TURPIN,Manon,manon.turpin@student.hestim.ma,student123,2025-07-05 01:31:05
267,PERRIN,Adrien,adrien.perrin@student.hestim.ma,student123,2025-05-31 02:15:19
268,BOULAY,Paulette,paulette.boulay@student.hestim.ma,student123,2025-10-19 01:33:53
269,RODRIGUEZ,Audrey,audrey.rodriguez@student.hestim.ma,student123,2025-11-30 13:13:20
270,BRUNEAU,Jean,jean.bruneau@student.hestim.ma,student123,2025-11-22 04:14:50
271,PARENT,Valentine,valentine.parent@student.hestim.ma,student123,2025-05-21 23:41:11
272,FAIVRE,Antoinette,antoinette.faivre@student.hestim.ma,student123,2026-02-28 06:49:31
273,BOUCHET,Daniel,daniel.bouchet@student.hestim.ma,student123,2025-06-30 16:16:12
274,REYNAUD,Dorothée,dorothée.reynaud@student.hestim.ma,student123,2025-05-21 00:03:52
275,FOUCHER,Adèle,adèle.foucher@student.hestim.ma,student123,2025-04-10 08:09:14
276,DIAZ,Léon,léon.diaz@student.hestim.ma,student123,2026-01-10 13:17:21
277,MENARD,Célina,célina.menard@student.hestim.ma,student123,2025-07-21 09:46:03
278,POULAIN,Timothée,timothée.poulain@student.hestim.ma,student123,2025-09-13 13:53:02
279,DEVAUX,Thomas,thomas.devaux@student.hestim.ma,student123,2025-05-27 18:12:08
280,FOUQUET,Nicolas,nicolas.fouquet@student.hestim.ma,student123,2025-10-12 08:32:55
281,MICHEL,Alphonse,alphonse.michel@student.hestim.ma,student123,2025-11-04 18:08:45
282,BERNIER,François,françois.bernier@student.hestim.ma,student123,2025-11-15 09:19:25
283,WEISS,Marguerite,marguerite.weiss@student.hestim.ma,student123,2026-01-11 19:32:56
284,GUILLAUME,Gabrielle,gabrielle.guillaume@student.hestim.ma,student123,2025-05-21 20:13:08
285,MAHE,Adélaïde,adélaïde.mahe@student.hestim.ma,student123,2025-04-15 00:06:45
286,JACQUES,Paulette,paulette.jacques@student.hestim.ma,student123,2025-05-28 22:09:49
287,SALMON,Zacharie,zacharie.salmon@student.hestim.ma,student123,2025-06-23 11:08:41
288,DUBOIS,Alphonse,alphonse.dubois@student.hestim.ma,student123,2025-04-11 15:59:42
289,LAMY,Marine,marine.lamy@student.hestim.ma,student123,2025-07-18 14:09:08
290,LEGROS,Simone,simone.legros@student.hestim.ma,student123,2025-09-09 16:43:21
291,COLAS,Hortense,hortense.colas@student.hestim.ma,student123,2025-03-09 01:46:12
292,BERTHELOT,Laurent,laurent.berthelot@student.hestim.ma,student123,2025-10-24 04:24:03
293,LEFEBVRE,Tristan,tristan.lefebvre@student.hestim.ma,student123,2025-04-17 00:39:31
294,DUMAS,Michel,michel.dumas@student.hestim.ma,student123,2025-05-25 09:15:04
295,PELTIER,Denis,denis.peltier@student.hestim.ma,student123,2025-08-27 00:50:40
296,LOUIS,Marie,marie.louis@student.hestim.ma,student123,2025-12-11 19:19:45
297,GONCALVES,Jacques,jacques.goncalves@student.hestim.ma,student123,2025-09-24 21:31:52
298,BRETON,Jacqueline,jacqueline.breton@student.hestim.ma,student123,2025-05-08 00:53:24
299,COUSIN,Jean,jean.cousin@student.hestim.ma,student123,2026-01-13 05:00:42
300,GUYOT,Guy,guy.guyot@student.hestim.ma,student123,2025-06-09 09:31:40
301,MOREAU,Denis,denis.moreau@student.hestim.ma,student123,2025-10-22 03:04:23
302,BOURGEOIS,Roger,roger.bourgeois@student.hestim.ma,student123,2025-10-22 17:38:22
303,BARBIER,Patrick,patrick.barbier@student.hestim.ma,student123,2025-04-13 02:30:37
304,MICHEL,Alexandrie,alexandrie.michel@student.hestim.ma,student123,2026-01-06 08:09:04
305,PASQUIER,Marine,marine.pasquier@student.hestim.ma,student123,2025-04-24 02:07:03
306,DELORME,Dominique,dominique.delorme@student.hestim.ma,student123,2025-10-05 00:18:58
307,RENAULT,Anouk,anouk.renault@student.hestim.ma,student123,2025-08-18 07:35:14
308,CLERC,Brigitte,brigitte.clerc@student.hestim.ma,student123,2025-06-22 15:12:48
309,ANTOINE,Simone,simone.antoine@student.hestim.ma,student123,2025-04-24 07:21:00
310,MACE,Émilie,émilie.mace@student.hestim.ma,student123,2025-04-07 07:35:09
311,HUBERT,Thomas,thomas.hubert@student.hestim.ma,student123,2026-01-10 03:35:28
312,PIERRE,Claude,claude.pierre@student.hestim.ma,student123,2026-01-18 13:57:43
313,PETITJEAN,Juliette,juliette.petitjean@student.hestim.ma,student123,2025-04-02 01:08:58
314,CHEVALIER,Benoît,benoît.chevalier@student.hestim.ma,student123,2026-01-24 18:13:41
315,LÉVÊQUE,Philippe,philippe.lévêque@student.hestim.ma,student123,2025-06-05 17:19:00
316,PARIS,Cécile,cécile.paris@student.hestim.ma,student123,2025-11-12 16:27:39
317,GIRARD,Camille,camille.girard@student.hestim.ma,student123,2025-09-24 14:59:46
318,REGNIER,Benjamin,benjamin.regnier@student.hestim.ma,student123,2025-07-08 06:17:41
319,AUGER,Madeleine,madeleine.auger@student.hestim.ma,student123,2025-05-04 02:35:43
320,GALLET,Sébastien,sébastien.gallet@student.hestim.ma,student123,2026-02-27 03:32:55
321,MORIN,Emmanuel,emmanuel.morin@student.hestim.ma,student123,2025-06-22 02:54:09
322,NICOLAS,Xavier,xavier.nicolas@student.hestim.ma,student123,2025-05-23 13:05:43
323,GUIBERT,François,françois.guibert@student.hestim.ma,student123,2025-03-25 01:48:35
324,MASSE,Valérie,valérie.masse@student.hestim.ma,student123,2025-03-20 00:47:48
325,DUBOIS,Claudine,claudine.dubois@student.hestim.ma,student123,2025-12-17 16:21:50
326,REGNIER,Véronique,véronique.regnier@student.hestim.ma,student123,2026-01-12 12:22:04
327,ROCHE,Tristan,tristan.roche@student.hestim.ma,student123,2025-12-06 17:32:48
328,BONNET,Jeannine,jeannine.bonnet@student.hestim.ma,student123,2025-05-08 02:55:12
329,LOMBARD,Claudine,claudine.lombard@student.hestim.ma,student123,2025-08-03 00:30:45
330,DESCAMPS,Léon,léon.descamps@student.hestim.ma,student123,2025-07-01 14:12:04
331,CARLIER,Édith,édith.carlier@student.hestim.ma,student123,2025-07-12 15:38:36
332,PELLETIER,Céline,céline.pelletier@student.hestim.ma,student123,2025-07-21 19:41:49
333,CHAUVEAU,Denise,denise.chauveau@student.hestim.ma,student123,2025-05-25 18:40:36
334,MASSE,Philippine,philippine.masse@student.hestim.ma,student123,2025-09-12 02:37:39
335,DIALLO,Virginie,virginie.diallo@student.hestim.ma,student123,2025-08-20 14:13:43
336,MOREAU,Nicolas,nicolas.moreau@student.hestim.ma,student123,2025-12-28 08:55:43
337,CARRE,Auguste,auguste.carre@student.hestim.ma,student123,2025-08-08 18:13:25
338,GONZALEZ,Julien,julien.gonzalez@student.hestim.ma,student123,2025-10-28 11:57:44
339,OLIVIER,Alfred,alfred.olivier@student.hestim.ma,student123,2025-07-03 12:21:13
340,MOREL,Isabelle,isabelle.morel@student.hestim.ma,student123,2025-08-18 20:31:36
341,ANDRE,Marguerite,marguerite.andre@student.hestim.ma,student123,2025-12-09 11:58:50
342,MAILLOT,Timothée,timothée.maillot@student.hestim.ma,student123,2026-01-28 20:05:15
343,BOUCHER,Alexandrie,alexandrie.boucher@student.hestim.ma,student123,2025-03-16 12:59:38
344,MARTEL,Suzanne,suzanne.martel@student.hestim.ma,student123,2026-03-05 10:45:53
345,JACQUET,Lucas,lucas.jacquet@student.hestim.ma,student123,2026-03-01 01:31:43
346,MULLER,Susanne,susanne.muller@student.hestim.ma,student123,2025-05-08 12:52:48
347,PIRES,Guy,guy.pires@student.hestim.ma,student123,2025-05-24 02:02:56
348,BOUSQUET,Nicolas,nicolas.bousquet@student.hestim.ma,student123,2025-12-29 16:19:12
349,MARCHAL,Laurence,laurence.marchal@student.hestim.ma,student123,2025-11-01 11:36:26
350,BARTHELEMY,Brigitte,brigitte.barthelemy@student.hestim.ma,student123,2025-03-29 13:09:12
351,MARCHAL,Frédérique,frédérique.marchal@student.hestim.ma,student123,2025-07-17 15:05:58
352,JACQUET,Lucy,lucy.jacquet@student.hestim.ma,student123,2025-03-30 01:10:38
353,GAILLARD,Aurélie,aurélie.gaillard@student.hestim.ma,student123,2025-08-16 02:57:05
354,MARION,Élisabeth,élisabeth.marion@student.hestim.ma,student123,2025-11-27 18:14:35
355,BOULANGER,Matthieu,matthieu.boulanger@student.hestim.ma,student123,2026-03-04 07:17:39
356,POIRIER,François,françois.poirier@student.hestim.ma,student123,2025-04-30 18:52:09
357,MARTY,Aurélie,aurélie.marty@student.hestim.ma,student123,2025-12-17 01:59:52
358,POTTIER,Anastasie,anastasie.pottier@student.hestim.ma,student123,2025-12-13 22:51:12
359,PIRES,Christiane,christiane.pires@student.hestim.ma,student123,2025-08-31 18:33:18
360,ANTOINE,Eugène,eugène.antoine@student.hestim.ma,student123,2025-07-26 15:40:33
361,ARNAUD,Frédérique,frédérique.arnaud@student.hestim.ma,student123,2025-10-20 07:50:25
362,MORIN,Daniel,daniel.morin@student.hestim.ma,student123,2025-05-01 08:05:42
363,JOUBERT,Nathalie,nathalie.joubert@student.hestim.ma,student123,2025-06-12 08:44:34
364,PERROT,Jeanne,jeanne.perrot@student.hestim.ma,student123,2025-11-29 02:11:49
365,GILLES,Jeanne,jeanne.gilles@student.hestim.ma,student123,2025-06-03 16:21:01
366,LEROUX,Hélène,hélène.leroux@student.hestim.ma,student123,2025-09-19 20:04:43
367,COSTA,Sébastien,sébastien.costa@student.hestim.ma,student123,2025-11-26 16:16:38
368,DESCAMPS,Claire,claire.descamps@student.hestim.ma,student123,2025-11-04 20:23:41
369,LE GOFF,Élise,élise.le goff@student.hestim.ma,student123,2026-02-28 06:25:33
370,TOUSSAINT,Olivier,olivier.toussaint@student.hestim.ma,student123,2025-11-08 10:32:04
371,MAILLARD,Antoinette,antoinette.maillard@student.hestim.ma,student123,2026-02-27 11:59:12
372,AUGER,Gilbert,gilbert.auger@student.hestim.ma,student123,2026-01-16 20:13:10
373,FLEURY,Eugène,eugène.fleury@student.hestim.ma,student123,2025-12-10 22:02:23
374,MARY,Margot,margot.mary@student.hestim.ma,student123,2026-03-02 06:08:55
375,RENARD,Claude,claude.renard@student.hestim.ma,student123,2025-10-28 03:56:25
376,BARTHELEMY,Maryse,maryse.barthelemy@student.hestim.ma,student123,2025-12-13 08:27:11
377,GÉRARD,Michèle,michèle.gérard@student.hestim.ma,student123,2026-01-21 16:42:11
378,ÉTIENNE,Daniel,daniel.étienne@student.hestim.ma,student123,2026-01-14 06:39:42
379,FONTAINE,Astrid,astrid.fontaine@student.hestim.ma,student123,2025-03-15 22:53:34
380,BERNIER,Adèle,adèle.bernier@student.hestim.ma,student123,2025-04-10 05:59:47
381,LOISEAU,Nath,nath.loiseau@student.hestim.ma,student123,2025-04-18 00:38:58
382,KLEIN,Claudine,claudine.klein@student.hestim.ma,student123,2025-12-24 03:33:53
383,DELORME,Julien,julien.delorme@student.hestim.ma,student123,2025-06-14 20:02:59
384,HAMEL,Lucy,lucy.hamel@student.hestim.ma,student123,2025-06-04 04:50:21
385,ROBIN,Audrey,audrey.robin@student.hestim.ma,student123,2025-10-31 10:56:17
386,MULLER,Danielle,danielle.muller@student.hestim.ma,student123,2025-04-25 10:38:43
387,TECHER,Margaux,margaux.techer@student.hestim.ma,student123,2026-02-13 12:26:22
388,BESNARD,Corinne,corinne.besnard@student.hestim.ma,student123,2025-05-10 14:10:15
389,FLEURY,Anne,anne.fleury@student.hestim.ma,student123,2025-12-22 03:12:13
390,LE ROUX,Marine,marine.le roux@student.hestim.ma,student123,2025-05-29 13:50:07
391,ALBERT,Pierre,pierre.albert@student.hestim.ma,student123,2025-07-05 19:23:57
392,VERDIER,Élodie,élodie.verdier@student.hestim.ma,student123,2025-03-25 19:03:35
393,REGNIER,Alexandre,alexandre.regnier@student.hestim.ma,student123,2025-12-19 09:24:24
394,LABBÉ,Maggie,maggie.labbé@student.hestim.ma,student123,2025-05-05 21:37:47
395,MARTEL,Victor,victor.martel@student.hestim.ma,student123,2025-10-24 15:59:55
396,FONTAINE,Christelle,christelle.fontaine@student.hestim.ma,student123,2025-03-15 15:01:05
397,NGUYEN,Julien,julien.nguyen@student.hestim.ma,student123,2025-09-14 03:06:42
398,DUPRÉ,Noémi,noémi.dupré@student.hestim.ma,student123,2026-02-07 16:52:15
399,HOARAU,Sabine,sabine.hoarau@student.hestim.ma,student123,2025-11-15 09:14:05
400,PETIT,Agnès,agnès.petit@student.hestim.ma,student123,2026-01-19 14:30:00
401,GILLET,Laure,laure.gillet@student.hestim.ma,student123,2025-11-11 12:12:06
402,ROCHE,Émile,émile.roche@student.hestim.ma,student123,2025-10-21 14:42:14
403,LOUIS,Stéphane,stéphane.louis@student.hestim.ma,student123,2026-03-02 00:44:22
404,BARON,Noël,noël.baron@student.hestim.ma,student123,2025-05-08 20:01:21
405,RIOU,Éléonore,éléonore.riou@student.hestim.ma,student123,2025-10-22 02:14:50
406,MARIN,Valentine,valentine.marin@student.hestim.ma,student123,2026-01-16 20:01:13
407,BOUSQUET,Clémence,clémence.bousquet@student.hestim.ma,student123,2025-08-03 20:36:48
408,ROUSSEAU,Monique,monique.rousseau@student.hestim.ma,student123,2025-04-19 00:42:59
409,MAILLET,Margaux,margaux.maillet@student.hestim.ma,student123,2025-08-22 04:12:47
410,MERLE,Laurent,laurent.merle@student.hestim.ma,student123,2025-11-11 15:47:06
411,LAPORTE,Lucy,lucy.laporte@student.hestim.ma,student123,2026-02-07 06:32:53
412,PAYET,Maurice,maurice.payet@student.hestim.ma,student123,2025-10-25 00:48:17
413,FAIVRE,Matthieu,matthieu.faivre@student.hestim.ma,student123,2026-01-29 15:12:56
414,COUSIN,Arthur,arthur.cousin@student.hestim.ma,student123,2025-08-09 10:52:31
415,ROBERT,Anouk,anouk.robert@student.hestim.ma,student123,2025-09-04 01:15:32
416,TRAORE,Julien,julien.traore@student.hestim.ma,student123,2026-02-28 13:04:58
417,REY,Bernard,bernard.rey@student.hestim.ma,student123,2025-05-05 16:04:52
418,ALEXANDRE,Maryse,maryse.alexandre@student.hestim.ma,student123,2025-06-03 12:08:54
419,VALLÉE,Hugues,hugues.vallée@student.hestim.ma,student123,2025-11-11 19:13:16
420,ROGER,Valérie,valérie.roger@student.hestim.ma,student123,2025-12-12 01:32:29
421,BOULANGER,Margaud,margaud.boulanger@student.hestim.ma,student123,2025-11-28 21:01:35
422,NICOLAS,Thomas,thomas.nicolas@student.hestim.ma,student123,2025-12-28 06:22:17
423,DIJOUX,Marcel,marcel.dijoux@student.hestim.ma,student123,2025-06-02 17:16:17
424,CAMUS,Gérard,gérard.camus@student.hestim.ma,student123,2025-04-05 11:46:34
425,COSTE,Théodore,théodore.coste@student.hestim.ma,student123,2025-10-20 14:26:50
426,LE GOFF,Arthur,arthur.le goff@student.hestim.ma,student123,2025-06-25 16:00:09
427,LEGROS,Roger,roger.legros@student.hestim.ma,student123,2025-04-24 14:43:21
428,JOUBERT,Matthieu,matthieu.joubert@student.hestim.ma,student123,2025-06-17 23:29:55
429,BLIN,Roger,roger.blin@student.hestim.ma,student123,2025-09-22 07:40:42
430,ROUSSEAU,Jacqueline,jacqueline.rousseau@student.hestim.ma,student123,2026-02-15 13:38:27
431,MERCIER,Amélie,amélie.mercier@student.hestim.ma,student123,2026-01-16 11:12:28
432,COULON,Noémi,noémi.coulon@student.hestim.ma,student123,2025-07-02 18:52:02
433,MARCHAL,Isaac,isaac.marchal@student.hestim.ma,student123,2025-10-06 12:39:19
434,BOUVIER,Véronique,véronique.bouvier@student.hestim.ma,student123,2025-09-26 11:26:39
435,GARCIA,Anouk,anouk.garcia@student.hestim.ma,student123,2025-04-30 09:52:32
436,CARRE,Franck,franck.carre@student.hestim.ma,student123,2025-03-16 12:16:39
437,HUMBERT,Jean,jean.humbert@student.hestim.ma,student123,2025-08-03 06:13:31
438,DANIEL,Bernard,bernard.daniel@student.hestim.ma,student123,2025-10-15 19:11:52
439,MOREL,Virginie,virginie.morel@student.hestim.ma,student123,2025-11-26 01:14:33
440,LAMY,Martin,martin.lamy@student.hestim.ma,student123,2025-12-06 01:42:55
441,PRUVOST,Jean,jean.pruvost@student.hestim.ma,student123,2025-06-18 18:29:26
442,DUFOUR,William,william.dufour@student.hestim.ma,student123,2025-10-28 10:34:50
443,MULLER,Amélie,amélie.muller@student.hestim.ma,student123,2025-08-19 04:53:11
444,LEDOUX,Marcelle,marcelle.ledoux@student.hestim.ma,student123,2025-08-06 12:52:53
445,LOMBARD,Benjamin,benjamin.lombard@student.hestim.ma,student123,2025-06-08 10:56:14
446,TRAORE,Isabelle,isabelle.traore@student.hestim.ma,student123,2025-07-26 02:15:40
447,MASSON,Zacharie,zacharie.masson@student.hestim.ma,student123,2025-04-10 11:20:25
448,FONTAINE,Olivie,olivie.fontaine@student.hestim.ma,student123,2026-02-08 09:20:36
449,HUET,Marie,marie.huet@student.hestim.ma,student123,2026-02-17 23:42:03
450,DENIS,Paulette,paulette.denis@student.hestim.ma,student123,2025-06-04 07:39:56
451,MATHIEU,Frédéric,frédéric.mathieu@student.hestim.ma,student123,2025-11-15 05:11:49
452,BOUSQUET,Diane,diane.bousquet@student.hestim.ma,student123,2025-10-07 10:15:44
453,MARTY,Sophie,sophie.marty@student.hestim.ma,student123,2025-07-06 04:18:00
454,BESNARD,André,andré.besnard@student.hestim.ma,student123,2025-08-30 19:43:07
455,RIBEIRO,Guillaume,guillaume.ribeiro@student.hestim.ma,student123,2026-02-17 17:44:54
456,SCHMITT,Denise,denise.schmitt@student.hestim.ma,student123,2025-04-14 02:00:12
457,NOËL,Alex,alex.noël@student.hestim.ma,student123,2025-12-10 15:49:10
458,GUIBERT,Margot,margot.guibert@student.hestim.ma,student123,2025-10-02 19:27:16
459,GONCALVES,Franck,franck.goncalves@student.hestim.ma,student123,2026-02-26 01:49:03
460,BESSON,Michelle,michelle.besson@student.hestim.ma,student123,2025-10-02 18:19:52
461,BONNET,Honoré,honoré.bonnet@student.hestim.ma,student123,2025-04-27 12:57:37
462,DELMAS,Astrid,astrid.delmas@student.hestim.ma,student123,2025-11-21 11:04:12
463,FERREIRA,Éric,éric.ferreira@student.hestim.ma,student123,2026-02-07 10:29:35
464,COHEN,Monique,monique.cohen@student.hestim.ma,student123,2025-07-06 22:02:33
465,LECLERC,René,rené.leclerc@student.hestim.ma,student123,2025-03-28 23:39:42
466,GUILLAUME,Grégoire,grégoire.guillaume@student.hestim.ma,student123,2025-08-28 14:37:01
467,DURAND,Claudine,claudine.durand@student.hestim.ma,student123,2026-02-16 11:31:48
468,LEMONNIER,Anouk,anouk.lemonnier@student.hestim.ma,student123,2025-06-27 15:45:08
469,LOMBARD,Noémi,noémi.lombard@student.hestim.ma,student123,2025-08-31 20:48:39
470,OLLIVIER,Henri,henri.ollivier@student.hestim.ma,student123,2026-01-24 07:17:25
471,SIMON,Frédéric,frédéric.simon@student.hestim.ma,student123,2025-07-24 09:01:40
472,DELORME,Monique,monique.delorme@student.hestim.ma,student123,2025-03-28 05:34:29
473,HEBERT,Lucy,lucy.hebert@student.hestim.ma,student123,2025-10-19 18:55:29
474,DIAZ,Hélène,hélène.diaz@student.hestim.ma,student123,2025-12-19 21:51:11
475,REYNAUD,Sophie,sophie.reynaud@student.hestim.ma,student123,2025-07-26 23:10:38
476,MARTIN,Daniel,daniel.martin@student.hestim.ma,student123,2026-02-13 20:35:01
477,FONTAINE,Agathe,agathe.fontaine@student.hestim.ma,student123,2025-06-24 06:40:19
478,MAILLET,Christelle,christelle.maillet@student.hestim.ma,student123,2025-12-21 06:57:21
479,LEFÈVRE,Vincent,vincent.lefèvre@student.hestim.ma,student123,2025-11-12 21:04:01
480,GUILBERT,Rémy,rémy.guilbert@student.hestim.ma,student123,2025-08-01 09:04:38
481,CHARPENTIER,Augustin,augustin.charpentier@student.hestim.ma,student123,2026-02-26 13:37:08
482,EVRARD,Susan,susan.evrard@student.hestim.ma,student123,2025-10-06 19:06:38
483,LOMBARD,Catherine,catherine.lombard@student.hestim.ma,student123,2026-02-28 07:27:57
484,EVRARD,Valérie,valérie.evrard@student.hestim.ma,student123,2025-10-11 07:21:40
485,PERON,Henri,henri.peron@student.hestim.ma,student123,2025-06-11 17:46:17
486,GILLET,Guillaume,guillaume.gillet@student.hestim.ma,student123,2026-01-29 07:22:07
487,NGUYEN,Théodore,théodore.nguyen@student.hestim.ma,student123,2025-12-16 08:08:03
488,GUYOT,Pauline,pauline.guyot@student.hestim.ma,student123,2025-12-13 08:55:13
489,PASCAL,Josette,josette.pascal@student.hestim.ma,student123,2025-09-01 21:19:22
490,LELEU,Christophe,christophe.leleu@student.hestim.ma,student123,2025-07-20 14:24:54
491,MORENO,Maryse,maryse.moreno@student.hestim.ma,student123,2025-06-16 10:05:00
492,ROY,William,william.roy@student.hestim.ma,student123,2026-02-03 06:08:48
493,ROLLAND,Valérie,valérie.rolland@student.hestim.ma,student123,2025-05-05 20:55:57
494,LEMOINE,Maggie,maggie.lemoine@student.hestim.ma,student123,2025-11-23 19:19:48
495,GIRAUD,Nicolas,nicolas.giraud@student.hestim.ma,student123,2025-08-07 17:07:05
496,LETELLIER,Capucine,capucine.letellier@student.hestim.ma,student123,2025-09-14 09:49:45
497,SANCHEZ,Victor,victor.sanchez@student.hestim.ma,student123,2025-08-08 19:19:14
498,JEAN,Éléonore,éléonore.jean@student.hestim.ma,student123,2025-03-27 12:27:31
499,LÉVÊQUE,Josette,josette.lévêque@student.hestim.ma,student123,2025-08-09 12:32:57
500,RENAULT,Thérèse,thérèse.renault@student.hestim.ma,student123,2025-06-12 23:03:28
