ID-ENSEIGNANT,NOM,PRENOM,EMAIL,MDP
1,LE GOFF,Roger,roger.le goff@hestim.ma,password123
2,NGUYEN,Aimée,aimée.nguyen@hestim.ma,password123
3,HOARAU,Margot,margot.hoarau@hestim.ma,password123
4,BLIN,Michelle,michelle.blin@hestim.ma,password123
5,MOREAU,Alphonse,alphonse.moreau@hestim.ma,password123
6,NICOLAS,Marguerite,marguerite.nicolas@hestim.ma,password123
7,HOARAU,Françoise,françoise.hoarau@hestim.ma,password123
8,LANGLOIS,Éric,éric.langlois@hestim.ma,password123
9,LAINE,Benjamin,benjamin.laine@hestim.ma,password123
10,BOYER,Augustin,augustin.boyer@hestim.ma,password123
11,RICHARD,Noémi,noémi.richard@hestim.ma,password123
12,NOËL,Anne,anne.noël@hestim.ma,password123
13,BLANCHET,François,françois.blanchet@hestim.ma,password123
14,THIERRY,Susanne,susanne.thierry@hestim.ma,password123
15,SANCHEZ,Élise,élise.sanchez@hestim.ma,password123
16,CHARPENTIER,Marianne,marianne.charpentier@hestim.ma,password123
17,GUILLON,Alexandrie,alexandrie.guillon@hestim.ma,password123
18,FAIVRE,Gilles,gilles.faivre@hestim.ma,password123
19,LEDUC,Michel,michel.leduc@hestim.ma,password123
20,THOMAS,Martine,martine.thomas@hestim.ma,password123
21,MALLET,Pierre,pierre.mallet@hestim.ma,password123
22,LOPES,Sabine,sabine.lopes@hestim.ma,password123
23,LELEU,Claire,claire.leleu@hestim.ma,password123
24,DUPRÉ,Geneviève,geneviève.dupré@hestim.ma,password123
25,GONCALVES,Isaac,isaac.goncalves@hestim.ma,password123
26,MARCHAL,Arthur,arthur.marchal@hestim.ma,password123
27,GRONDIN,Nathalie,nathalie.grondin@hestim.ma,password123
28,CAMUS,Nath,nath.camus@hestim.ma,password123
29,PERROT,Julien,julien.perrot@hestim.ma,password123
30,MEUNIER,Valentine,valentine.meunier@hestim.ma,password123
31,DUPONT,Suzanne,suzanne.dupont@hestim.ma,password123
32,LUCAS,Marcelle,marcelle.lucas@hestim.ma,password123
33,VIDAL,Victoire,victoire.vidal@hestim.ma,password123
34,LOMBARD,Thierry,thierry.lombard@hestim.ma,password123
35,COSTA,Jean,jean.costa@hestim.ma,password123
36,LE ROUX,Adélaïde,adélaïde.le roux@hestim.ma,password123
37,MACE,Joseph,joseph.mace@hestim.ma,password123
38,PICARD,Victoire,victoire.picard@hestim.ma,password123
39,GUILLAUME,Antoinette,antoinette.guillaume@hestim.ma,password123
40,DURAND,Renée,renée.durand@hestim.ma,password123
41,DUPUIS,Martin,martin.dupuis@hestim.ma,password123
42,COUSIN,Agnès,agnès.cousin@hestim.ma,password123
43,ALLARD,Pauline,pauline.allard@hestim.ma,password123
44,JACOB,Sébastien,sébastien.jacob@hestim.ma,password123
45,LAROCHE,Renée,renée.laroche@hestim.ma,password123
46,HOAREAU,Laurence,laurence.hoareau@hestim.ma,password123
47,COLAS,Frédérique,frédérique.colas@hestim.ma,password123
48,ROUSSEL,Valentine,valentine.roussel@hestim.ma,password123
49,LOPES,Julie,julie.lopes@hestim.ma,password123
50,MERCIER,Susanne,susanne.mercier@hestim.ma,password123
